ID,NON,n0,n1,n3,n4
0,4,0,41,42,1
1,4,1,42,43,2
2,4,2,43,44,3
3,4,3,44,45,4
4,4,4,45,46,5
5,4,5,46,47,6
6,4,6,47,48,7
7,4,7,48,49,8
8,4,8,49,50,9
9,4,9,50,51,10
10,4,10,51,52,11
11,4,11,52,53,12
12,4,12,53,54,13
13,4,13,54,55,14
14,4,14,55,56,15
15,4,15,56,57,16
16,4,16,57,58,17
17,4,17,58,59,18
18,4,18,59,60,19
19,4,19,60,61,20
20,4,20,61,62,21
21,4,21,62,63,22
22,4,22,63,64,23
23,4,23,64,65,24
24,4,24,65,66,25
25,4,25,66,67,26
26,4,26,67,68,27
27,4,27,68,69,28
28,4,28,69,70,29
29,4,29,70,71,30
30,4,30,71,72,31
31,4,31,72,73,32
32,4,32,73,74,33
33,4,33,74,75,34
34,4,34,75,76,35
35,4,35,76,77,36
36,4,36,77,78,37
37,4,37,78,79,38
38,4,38,79,80,39
39,4,39,80,81,40
40,4,41,82,83,42
41,4,42,83,84,43
42,4,43,84,85,44
43,4,44,85,86,45
44,4,45,86,87,46
45,4,46,87,88,47
46,4,47,88,89,48
47,4,48,89,90,49
48,4,49,90,91,50
49,4,50,91,92,51
50,4,51,92,93,52
51,4,52,93,94,53
52,4,53,94,95,54
53,4,54,95,96,55
54,4,55,96,97,56
55,4,56,97,98,57
56,4,57,98,99,58
57,4,58,99,100,59
58,4,59,100,101,60
59,4,60,101,102,61
60,4,61,102,103,62
61,4,62,103,104,63
62,4,63,104,105,64
63,4,64,105,106,65
64,4,65,106,107,66
65,4,66,107,108,67
66,4,67,108,109,68
67,4,68,109,110,69
68,4,69,110,111,70
69,4,70,111,112,71
70,4,71,112,113,72
71,4,72,113,114,73
72,4,73,114,115,74
73,4,74,115,116,75
74,4,75,116,117,76
75,4,76,117,118,77
76,4,77,118,119,78
77,4,78,119,120,79
78,4,79,120,121,80
79,4,80,121,122,81
80,4,82,123,124,83
81,4,83,124,125,84
82,4,84,125,126,85
83,4,85,126,127,86
84,4,86,127,128,87
85,4,87,128,129,88
86,4,88,129,130,89
87,4,89,130,131,90
88,4,90,131,132,91
89,4,91,132,133,92
90,4,92,133,134,93
91,4,93,134,135,94
92,4,94,135,136,95
93,4,95,136,137,96
94,4,96,137,138,97
95,4,97,138,139,98
96,4,98,139,140,99
97,4,99,140,141,100
98,4,100,141,142,101
99,4,101,142,143,102
100,4,102,143,144,103
101,4,103,144,145,104
102,4,104,145,146,105
103,4,105,146,147,106
104,4,106,147,148,107
105,4,107,148,149,108
106,4,108,149,150,109
107,4,109,150,151,110
108,4,110,151,152,111
109,4,111,152,153,112
110,4,112,153,154,113
111,4,113,154,155,114
112,4,114,155,156,115
113,4,115,156,157,116
114,4,116,157,158,117
115,4,117,158,159,118
116,4,118,159,160,119
117,4,119,160,161,120
118,4,120,161,162,121
119,4,121,162,163,122
120,4,123,164,165,124
121,4,124,165,166,125
122,4,125,166,167,126
123,4,126,167,168,127
124,4,127,168,169,128
125,4,128,169,170,129
126,4,129,170,171,130
127,4,130,171,172,131
128,4,131,172,173,132
129,4,132,173,174,133
130,4,133,174,175,134
131,4,134,175,176,135
132,4,135,176,177,136
133,4,136,177,178,137
134,4,137,178,179,138
135,4,138,179,180,139
136,4,139,180,181,140
137,4,140,181,182,141
138,4,141,182,183,142
139,4,142,183,184,143
140,4,143,184,185,144
141,4,144,185,186,145
142,4,145,186,187,146
143,4,146,187,188,147
144,4,147,188,189,148
145,4,148,189,190,149
146,4,149,190,191,150
147,4,150,191,192,151
148,4,151,192,193,152
149,4,152,193,194,153
150,4,153,194,195,154
151,4,154,195,196,155
152,4,155,196,197,156
153,4,156,197,198,157
154,4,157,198,199,158
155,4,158,199,200,159
156,4,159,200,201,160
157,4,160,201,202,161
158,4,161,202,203,162
159,4,162,203,204,163
160,4,164,205,206,165
161,4,165,206,207,166
162,4,166,207,208,167
163,4,167,208,209,168
164,4,168,209,210,169
165,4,169,210,211,170
166,4,170,211,212,171
167,4,171,212,213,172
168,4,172,213,214,173
169,4,173,214,215,174
170,4,174,215,216,175
171,4,175,216,217,176
172,4,176,217,218,177
173,4,177,218,219,178
174,4,178,219,220,179
175,4,179,220,221,180
176,4,180,221,222,181
177,4,181,222,223,182
178,4,182,223,224,183
179,4,183,224,225,184
180,4,184,225,226,185
181,4,185,226,227,186
182,4,186,227,228,187
183,4,187,228,229,188
184,4,188,229,230,189
185,4,189,230,231,190
186,4,190,231,232,191
187,4,191,232,233,192
188,4,192,233,234,193
189,4,193,234,235,194
190,4,194,235,236,195
191,4,195,236,237,196
192,4,196,237,238,197
193,4,197,238,239,198
194,4,198,239,240,199
195,4,199,240,241,200
196,4,200,241,242,201
197,4,201,242,243,202
198,4,202,243,244,203
199,4,203,244,245,204
200,4,205,246,247,206
201,4,206,247,248,207
202,4,207,248,249,208
203,4,208,249,250,209
204,4,209,250,251,210
205,4,210,251,252,211
206,4,211,252,253,212
207,4,212,253,254,213
208,4,213,254,255,214
209,4,214,255,256,215
210,4,215,256,257,216
211,4,216,257,258,217
212,4,217,258,259,218
213,4,218,259,260,219
214,4,219,260,261,220
215,4,220,261,262,221
216,4,221,262,263,222
217,4,222,263,264,223
218,4,223,264,265,224
219,4,224,265,266,225
220,4,225,266,267,226
221,4,226,267,268,227
222,4,227,268,269,228
223,4,228,269,270,229
224,4,229,270,271,230
225,4,230,271,272,231
226,4,231,272,273,232
227,4,232,273,274,233
228,4,233,274,275,234
229,4,234,275,276,235
230,4,235,276,277,236
231,4,236,277,278,237
232,4,237,278,279,238
233,4,238,279,280,239
234,4,239,280,281,240
235,4,240,281,282,241
236,4,241,282,283,242
237,4,242,283,284,243
238,4,243,284,285,244
239,4,244,285,286,245
240,4,246,287,288,247
241,4,247,288,289,248
242,4,248,289,290,249
243,4,249,290,291,250
244,4,250,291,292,251
245,4,251,292,293,252
246,4,252,293,294,253
247,4,253,294,295,254
248,4,254,295,296,255
249,4,255,296,297,256
250,4,256,297,298,257
251,4,257,298,299,258
252,4,258,299,300,259
253,4,259,300,301,260
254,4,260,301,302,261
255,4,261,302,303,262
256,4,262,303,304,263
257,4,263,304,305,264
258,4,264,305,306,265
259,4,265,306,307,266
260,4,266,307,308,267
261,4,267,308,309,268
262,4,268,309,310,269
263,4,269,310,311,270
264,4,270,311,312,271
265,4,271,312,313,272
266,4,272,313,314,273
267,4,273,314,315,274
268,4,274,315,316,275
269,4,275,316,317,276
270,4,276,317,318,277
271,4,277,318,319,278
272,4,278,319,320,279
273,4,279,320,321,280
274,4,280,321,322,281
275,4,281,322,323,282
276,4,282,323,324,283
277,4,283,324,325,284
278,4,284,325,326,285
279,4,285,326,327,286
280,4,287,328,329,288
281,4,288,329,330,289
282,4,289,330,331,290
283,4,290,331,332,291
284,4,291,332,333,292
285,4,292,333,334,293
286,4,293,334,335,294
287,4,294,335,336,295
288,4,295,336,337,296
289,4,296,337,338,297
290,4,297,338,339,298
291,4,298,339,340,299
292,4,299,340,341,300
293,4,300,341,342,301
294,4,301,342,343,302
295,4,302,343,344,303
296,4,303,344,345,304
297,4,304,345,346,305
298,4,305,346,347,306
299,4,306,347,348,307
300,4,307,348,349,308
301,4,308,349,350,309
302,4,309,350,351,310
303,4,310,351,352,311
304,4,311,352,353,312
305,4,312,353,354,313
306,4,313,354,355,314
307,4,314,355,356,315
308,4,315,356,357,316
309,4,316,357,358,317
310,4,317,358,359,318
311,4,318,359,360,319
312,4,319,360,361,320
313,4,320,361,362,321
314,4,321,362,363,322
315,4,322,363,364,323
316,4,323,364,365,324
317,4,324,365,366,325
318,4,325,366,367,326
319,4,326,367,368,327
320,4,328,369,370,329
321,4,329,370,371,330
322,4,330,371,372,331
323,4,331,372,373,332
324,4,332,373,374,333
325,4,333,374,375,334
326,4,334,375,376,335
327,4,335,376,377,336
328,4,336,377,378,337
329,4,337,378,379,338
330,4,338,379,380,339
331,4,339,380,381,340
332,4,340,381,382,341
333,4,341,382,383,342
334,4,342,383,384,343
335,4,343,384,385,344
336,4,344,385,386,345
337,4,345,386,387,346
338,4,346,387,388,347
339,4,347,388,389,348
340,4,348,389,390,349
341,4,349,390,391,350
342,4,350,391,392,351
343,4,351,392,393,352
344,4,352,393,394,353
345,4,353,394,395,354
346,4,354,395,396,355
347,4,355,396,397,356
348,4,356,397,398,357
349,4,357,398,399,358
350,4,358,399,400,359
351,4,359,400,401,360
352,4,360,401,402,361
353,4,361,402,403,362
354,4,362,403,404,363
355,4,363,404,405,364
356,4,364,405,406,365
357,4,365,406,407,366
358,4,366,407,408,367
359,4,367,408,409,368
360,4,369,410,411,370
361,4,370,411,412,371
362,4,371,412,413,372
363,4,372,413,414,373
364,4,373,414,415,374
365,4,374,415,416,375
366,4,375,416,417,376
367,4,376,417,418,377
368,4,377,418,419,378
369,4,378,419,420,379
370,4,379,420,421,380
371,4,380,421,422,381
372,4,381,422,423,382
373,4,382,423,424,383
374,4,383,424,425,384
375,4,384,425,426,385
376,4,385,426,427,386
377,4,386,427,428,387
378,4,387,428,429,388
379,4,388,429,430,389
380,4,389,430,431,390
381,4,390,431,432,391
382,4,391,432,433,392
383,4,392,433,434,393
384,4,393,434,435,394
385,4,394,435,436,395
386,4,395,436,437,396
387,4,396,437,438,397
388,4,397,438,439,398
389,4,398,439,440,399
390,4,399,440,441,400
391,4,400,441,442,401
392,4,401,442,443,402
393,4,402,443,444,403
394,4,403,444,445,404
395,4,404,445,446,405
396,4,405,446,447,406
397,4,406,447,448,407
398,4,407,448,449,408
399,4,408,449,450,409
400,4,410,451,452,411
401,4,411,452,453,412
402,4,412,453,454,413
403,4,413,454,455,414
404,4,414,455,456,415
405,4,415,456,457,416
406,4,416,457,458,417
407,4,417,458,459,418
408,4,418,459,460,419
409,4,419,460,461,420
410,4,420,461,462,421
411,4,421,462,463,422
412,4,422,463,464,423
413,4,423,464,465,424
414,4,424,465,466,425
415,4,425,466,467,426
416,4,426,467,468,427
417,4,427,468,469,428
418,4,428,469,470,429
419,4,429,470,471,430
420,4,430,471,472,431
421,4,431,472,473,432
422,4,432,473,474,433
423,4,433,474,475,434
424,4,434,475,476,435
425,4,435,476,477,436
426,4,436,477,478,437
427,4,437,478,479,438
428,4,438,479,480,439
429,4,439,480,481,440
430,4,440,481,482,441
431,4,441,482,483,442
432,4,442,483,484,443
433,4,443,484,485,444
434,4,444,485,486,445
435,4,445,486,487,446
436,4,446,487,488,447
437,4,447,488,489,448
438,4,448,489,490,449
439,4,449,490,491,450
440,4,451,492,493,452
441,4,452,493,494,453
442,4,453,494,495,454
443,4,454,495,496,455
444,4,455,496,497,456
445,4,456,497,498,457
446,4,457,498,499,458
447,4,458,499,500,459
448,4,459,500,501,460
449,4,460,501,502,461
450,4,461,502,503,462
451,4,462,503,504,463
452,4,463,504,505,464
453,4,464,505,506,465
454,4,465,506,507,466
455,4,466,507,508,467
456,4,467,508,509,468
457,4,468,509,510,469
458,4,469,510,511,470
459,4,470,511,512,471
460,4,471,512,513,472
461,4,472,513,514,473
462,4,473,514,515,474
463,4,474,515,516,475
464,4,475,516,517,476
465,4,476,517,518,477
466,4,477,518,519,478
467,4,478,519,520,479
468,4,479,520,521,480
469,4,480,521,522,481
470,4,481,522,523,482
471,4,482,523,524,483
472,4,483,524,525,484
473,4,484,525,526,485
474,4,485,526,527,486
475,4,486,527,528,487
476,4,487,528,529,488
477,4,488,529,530,489
478,4,489,530,531,490
479,4,490,531,532,491
480,4,492,533,534,493
481,4,493,534,535,494
482,4,494,535,536,495
483,4,495,536,537,496
484,4,496,537,538,497
485,4,497,538,539,498
486,4,498,539,540,499
487,4,499,540,541,500
488,4,500,541,542,501
489,4,501,542,543,502
490,4,502,543,544,503
491,4,503,544,545,504
492,4,504,545,546,505
493,4,505,546,547,506
494,4,506,547,548,507
495,4,507,548,549,508
496,4,508,549,550,509
497,4,509,550,551,510
498,4,510,551,552,511
499,4,511,552,553,512
500,4,512,553,554,513
501,4,513,554,555,514
502,4,514,555,556,515
503,4,515,556,557,516
504,4,516,557,558,517
505,4,517,558,559,518
506,4,518,559,560,519
507,4,519,560,561,520
508,4,520,561,562,521
509,4,521,562,563,522
510,4,522,563,564,523
511,4,523,564,565,524
512,4,524,565,566,525
513,4,525,566,567,526
514,4,526,567,568,527
515,4,527,568,569,528
516,4,528,569,570,529
517,4,529,570,571,530
518,4,530,571,572,531
519,4,531,572,573,532
520,4,533,574,575,534
521,4,534,575,576,535
522,4,535,576,577,536
523,4,536,577,578,537
524,4,537,578,579,538
525,4,538,579,580,539
526,4,539,580,581,540
527,4,540,581,582,541
528,4,541,582,583,542
529,4,542,583,584,543
530,4,543,584,585,544
531,4,544,585,586,545
532,4,545,586,587,546
533,4,546,587,588,547
534,4,547,588,589,548
535,4,548,589,590,549
536,4,549,590,591,550
537,4,550,591,592,551
538,4,551,592,593,552
539,4,552,593,594,553
540,4,553,594,595,554
541,4,554,595,596,555
542,4,555,596,597,556
543,4,556,597,598,557
544,4,557,598,599,558
545,4,558,599,600,559
546,4,559,600,601,560
547,4,560,601,602,561
548,4,561,602,603,562
549,4,562,603,604,563
550,4,563,604,605,564
551,4,564,605,606,565
552,4,565,606,607,566
553,4,566,607,608,567
554,4,567,608,609,568
555,4,568,609,610,569
556,4,569,610,611,570
557,4,570,611,612,571
558,4,571,612,613,572
559,4,572,613,614,573
560,4,574,615,616,575
561,4,575,616,617,576
562,4,576,617,618,577
563,4,577,618,619,578
564,4,578,619,620,579
565,4,579,620,621,580
566,4,580,621,622,581
567,4,581,622,623,582
568,4,582,623,624,583
569,4,583,624,625,584
570,4,584,625,626,585
571,4,585,626,627,586
572,4,586,627,628,587
573,4,587,628,629,588
574,4,588,629,630,589
575,4,589,630,631,590
576,4,590,631,632,591
577,4,591,632,633,592
578,4,592,633,634,593
579,4,593,634,635,594
580,4,594,635,636,595
581,4,595,636,637,596
582,4,596,637,638,597
583,4,597,638,639,598
584,4,598,639,640,599
585,4,599,640,641,600
586,4,600,641,642,601
587,4,601,642,643,602
588,4,602,643,644,603
589,4,603,644,645,604
590,4,604,645,646,605
591,4,605,646,647,606
592,4,606,647,648,607
593,4,607,648,649,608
594,4,608,649,650,609
595,4,609,650,651,610
596,4,610,651,652,611
597,4,611,652,653,612
598,4,612,653,654,613
599,4,613,654,655,614
600,4,615,656,657,616
601,4,616,657,658,617
602,4,617,658,659,618
603,4,618,659,660,619
604,4,619,660,661,620
605,4,620,661,662,621
606,4,621,662,663,622
607,4,622,663,664,623
608,4,623,664,665,624
609,4,624,665,666,625
610,4,625,666,667,626
611,4,626,667,668,627
612,4,627,668,669,628
613,4,628,669,670,629
614,4,629,670,671,630
615,4,630,671,672,631
616,4,631,672,673,632
617,4,632,673,674,633
618,4,633,674,675,634
619,4,634,675,676,635
620,4,635,676,677,636
621,4,636,677,678,637
622,4,637,678,679,638
623,4,638,679,680,639
624,4,639,680,681,640
625,4,640,681,682,641
626,4,641,682,683,642
627,4,642,683,684,643
628,4,643,684,685,644
629,4,644,685,686,645
630,4,645,686,687,646
631,4,646,687,688,647
632,4,647,688,689,648
633,4,648,689,690,649
634,4,649,690,691,650
635,4,650,691,692,651
636,4,651,692,693,652
637,4,652,693,694,653
638,4,653,694,695,654
639,4,654,695,696,655
640,4,656,697,698,657
641,4,657,698,699,658
642,4,658,699,700,659
643,4,659,700,701,660
644,4,660,701,702,661
645,4,661,702,703,662
646,4,662,703,704,663
647,4,663,704,705,664
648,4,664,705,706,665
649,4,665,706,707,666
650,4,666,707,708,667
651,4,667,708,709,668
652,4,668,709,710,669
653,4,669,710,711,670
654,4,670,711,712,671
655,4,671,712,713,672
656,4,672,713,714,673
657,4,673,714,715,674
658,4,674,715,716,675
659,4,675,716,717,676
660,4,676,717,718,677
661,4,677,718,719,678
662,4,678,719,720,679
663,4,679,720,721,680
664,4,680,721,722,681
665,4,681,722,723,682
666,4,682,723,724,683
667,4,683,724,725,684
668,4,684,725,726,685
669,4,685,726,727,686
670,4,686,727,728,687
671,4,687,728,729,688
672,4,688,729,730,689
673,4,689,730,731,690
674,4,690,731,732,691
675,4,691,732,733,692
676,4,692,733,734,693
677,4,693,734,735,694
678,4,694,735,736,695
679,4,695,736,737,696
680,4,697,738,739,698
681,4,698,739,740,699
682,4,699,740,741,700
683,4,700,741,742,701
684,4,701,742,743,702
685,4,702,743,744,703
686,4,703,744,745,704
687,4,704,745,746,705
688,4,705,746,747,706
689,4,706,747,748,707
690,4,707,748,749,708
691,4,708,749,750,709
692,4,709,750,751,710
693,4,710,751,752,711
694,4,711,752,753,712
695,4,712,753,754,713
696,4,713,754,755,714
697,4,714,755,756,715
698,4,715,756,757,716
699,4,716,757,758,717
700,4,717,758,759,718
701,4,718,759,760,719
702,4,719,760,761,720
703,4,720,761,762,721
704,4,721,762,763,722
705,4,722,763,764,723
706,4,723,764,765,724
707,4,724,765,766,725
708,4,725,766,767,726
709,4,726,767,768,727
710,4,727,768,769,728
711,4,728,769,770,729
712,4,729,770,771,730
713,4,730,771,772,731
714,4,731,772,773,732
715,4,732,773,774,733
716,4,733,774,775,734
717,4,734,775,776,735
718,4,735,776,777,736
719,4,736,777,778,737
720,4,738,779,780,739
721,4,739,780,781,740
722,4,740,781,782,741
723,4,741,782,783,742
724,4,742,783,784,743
725,4,743,784,785,744
726,4,744,785,786,745
727,4,745,786,787,746
728,4,746,787,788,747
729,4,747,788,789,748
730,4,748,789,790,749
731,4,749,790,791,750
732,4,750,791,792,751
733,4,751,792,793,752
734,4,752,793,794,753
735,4,753,794,795,754
736,4,754,795,796,755
737,4,755,796,797,756
738,4,756,797,798,757
739,4,757,798,799,758
740,4,758,799,800,759
741,4,759,800,801,760
742,4,760,801,802,761
743,4,761,802,803,762
744,4,762,803,804,763
745,4,763,804,805,764
746,4,764,805,806,765
747,4,765,806,807,766
748,4,766,807,808,767
749,4,767,808,809,768
750,4,768,809,810,769
751,4,769,810,811,770
752,4,770,811,812,771
753,4,771,812,813,772
754,4,772,813,814,773
755,4,773,814,815,774
756,4,774,815,816,775
757,4,775,816,817,776
758,4,776,817,818,777
759,4,777,818,819,778
760,4,779,820,821,780
761,4,780,821,822,781
762,4,781,822,823,782
763,4,782,823,824,783
764,4,783,824,825,784
765,4,784,825,826,785
766,4,785,826,827,786
767,4,786,827,828,787
768,4,787,828,829,788
769,4,788,829,830,789
770,4,789,830,831,790
771,4,790,831,832,791
772,4,791,832,833,792
773,4,792,833,834,793
774,4,793,834,835,794
775,4,794,835,836,795
776,4,795,836,837,796
777,4,796,837,838,797
778,4,797,838,839,798
779,4,798,839,840,799
780,4,799,840,841,800
781,4,800,841,842,801
782,4,801,842,843,802
783,4,802,843,844,803
784,4,803,844,845,804
785,4,804,845,846,805
786,4,805,846,847,806
787,4,806,847,848,807
788,4,807,848,849,808
789,4,808,849,850,809
790,4,809,850,851,810
791,4,810,851,852,811
792,4,811,852,853,812
793,4,812,853,854,813
794,4,813,854,855,814
795,4,814,855,856,815
796,4,815,856,857,816
797,4,816,857,858,817
798,4,817,858,859,818
799,4,818,859,860,819
800,4,820,861,862,821
801,4,821,862,863,822
802,4,822,863,864,823
803,4,823,864,865,824
804,4,824,865,866,825
805,4,825,866,867,826
806,4,826,867,868,827
807,4,827,868,869,828
808,4,828,869,870,829
809,4,829,870,871,830
810,4,830,871,872,831
811,4,831,872,873,832
812,4,832,873,874,833
813,4,833,874,875,834
814,4,834,875,876,835
815,4,835,876,877,836
816,4,836,877,878,837
817,4,837,878,879,838
818,4,838,879,880,839
819,4,839,880,881,840
820,4,840,881,882,841
821,4,841,882,883,842
822,4,842,883,884,843
823,4,843,884,885,844
824,4,844,885,886,845
825,4,845,886,887,846
826,4,846,887,888,847
827,4,847,888,889,848
828,4,848,889,890,849
829,4,849,890,891,850
830,4,850,891,892,851
831,4,851,892,893,852
832,4,852,893,894,853
833,4,853,894,895,854
834,4,854,895,896,855
835,4,855,896,897,856
836,4,856,897,898,857
837,4,857,898,899,858
838,4,858,899,900,859
839,4,859,900,901,860
840,4,861,902,903,862
841,4,862,903,904,863
842,4,863,904,905,864
843,4,864,905,906,865
844,4,865,906,907,866
845,4,866,907,908,867
846,4,867,908,909,868
847,4,868,909,910,869
848,4,869,910,911,870
849,4,870,911,912,871
850,4,871,912,913,872
851,4,872,913,914,873
852,4,873,914,915,874
853,4,874,915,916,875
854,4,875,916,917,876
855,4,876,917,918,877
856,4,877,918,919,878
857,4,878,919,920,879
858,4,879,920,921,880
859,4,880,921,922,881
860,4,881,922,923,882
861,4,882,923,924,883
862,4,883,924,925,884
863,4,884,925,926,885
864,4,885,926,927,886
865,4,886,927,928,887
866,4,887,928,929,888
867,4,888,929,930,889
868,4,889,930,931,890
869,4,890,931,932,891
870,4,891,932,933,892
871,4,892,933,934,893
872,4,893,934,935,894
873,4,894,935,936,895
874,4,895,936,937,896
875,4,896,937,938,897
876,4,897,938,939,898
877,4,898,939,940,899
878,4,899,940,941,900
879,4,900,941,942,901
880,4,902,943,944,903
881,4,903,944,945,904
882,4,904,945,946,905
883,4,905,946,947,906
884,4,906,947,948,907
885,4,907,948,949,908
886,4,908,949,950,909
887,4,909,950,951,910
888,4,910,951,952,911
889,4,911,952,953,912
890,4,912,953,954,913
891,4,913,954,955,914
892,4,914,955,956,915
893,4,915,956,957,916
894,4,916,957,958,917
895,4,917,958,959,918
896,4,918,959,960,919
897,4,919,960,961,920
898,4,920,961,962,921
899,4,921,962,963,922
900,4,922,963,964,923
901,4,923,964,965,924
902,4,924,965,966,925
903,4,925,966,967,926
904,4,926,967,968,927
905,4,927,968,969,928
906,4,928,969,970,929
907,4,929,970,971,930
908,4,930,971,972,931
909,4,931,972,973,932
910,4,932,973,974,933
911,4,933,974,975,934
912,4,934,975,976,935
913,4,935,976,977,936
914,4,936,977,978,937
915,4,937,978,979,938
916,4,938,979,980,939
917,4,939,980,981,940
918,4,940,981,982,941
919,4,941,982,983,942
920,4,943,984,985,944
921,4,944,985,986,945
922,4,945,986,987,946
923,4,946,987,988,947
924,4,947,988,989,948
925,4,948,989,990,949
926,4,949,990,991,950
927,4,950,991,992,951
928,4,951,992,993,952
929,4,952,993,994,953
930,4,953,994,995,954
931,4,954,995,996,955
932,4,955,996,997,956
933,4,956,997,998,957
934,4,957,998,999,958
935,4,958,999,1000,959
936,4,959,1000,1001,960
937,4,960,1001,1002,961
938,4,961,1002,1003,962
939,4,962,1003,1004,963
940,4,963,1004,1005,964
941,4,964,1005,1006,965
942,4,965,1006,1007,966
943,4,966,1007,1008,967
944,4,967,1008,1009,968
945,4,968,1009,1010,969
946,4,969,1010,1011,970
947,4,970,1011,1012,971
948,4,971,1012,1013,972
949,4,972,1013,1014,973
950,4,973,1014,1015,974
951,4,974,1015,1016,975
952,4,975,1016,1017,976
953,4,976,1017,1018,977
954,4,977,1018,1019,978
955,4,978,1019,1020,979
956,4,979,1020,1021,980
957,4,980,1021,1022,981
958,4,981,1022,1023,982
959,4,982,1023,1024,983
960,4,984,1025,1026,985
961,4,985,1026,1027,986
962,4,986,1027,1028,987
963,4,987,1028,1029,988
964,4,988,1029,1030,989
965,4,989,1030,1031,990
966,4,990,1031,1032,991
967,4,991,1032,1033,992
968,4,992,1033,1034,993
969,4,993,1034,1035,994
970,4,994,1035,1036,995
971,4,995,1036,1037,996
972,4,996,1037,1038,997
973,4,997,1038,1039,998
974,4,998,1039,1040,999
975,4,999,1040,1041,1000
976,4,1000,1041,1042,1001
977,4,1001,1042,1043,1002
978,4,1002,1043,1044,1003
979,4,1003,1044,1045,1004
980,4,1004,1045,1046,1005
981,4,1005,1046,1047,1006
982,4,1006,1047,1048,1007
983,4,1007,1048,1049,1008
984,4,1008,1049,1050,1009
985,4,1009,1050,1051,1010
986,4,1010,1051,1052,1011
987,4,1011,1052,1053,1012
988,4,1012,1053,1054,1013
989,4,1013,1054,1055,1014
990,4,1014,1055,1056,1015
991,4,1015,1056,1057,1016
992,4,1016,1057,1058,1017
993,4,1017,1058,1059,1018
994,4,1018,1059,1060,1019
995,4,1019,1060,1061,1020
996,4,1020,1061,1062,1021
997,4,1021,1062,1063,1022
998,4,1022,1063,1064,1023
999,4,1023,1064,1065,1024
1000,4,1025,1066,1067,1026
1001,4,1026,1067,1068,1027
1002,4,1027,1068,1069,1028
1003,4,1028,1069,1070,1029
1004,4,1029,1070,1071,1030
1005,4,1030,1071,1072,1031
1006,4,1031,1072,1073,1032
1007,4,1032,1073,1074,1033
1008,4,1033,1074,1075,1034
1009,4,1034,1075,1076,1035
1010,4,1035,1076,1077,1036
1011,4,1036,1077,1078,1037
1012,4,1037,1078,1079,1038
1013,4,1038,1079,1080,1039
1014,4,1039,1080,1081,1040
1015,4,1040,1081,1082,1041
1016,4,1041,1082,1083,1042
1017,4,1042,1083,1084,1043
1018,4,1043,1084,1085,1044
1019,4,1044,1085,1086,1045
1020,4,1045,1086,1087,1046
1021,4,1046,1087,1088,1047
1022,4,1047,1088,1089,1048
1023,4,1048,1089,1090,1049
1024,4,1049,1090,1091,1050
1025,4,1050,1091,1092,1051
1026,4,1051,1092,1093,1052
1027,4,1052,1093,1094,1053
1028,4,1053,1094,1095,1054
1029,4,1054,1095,1096,1055
1030,4,1055,1096,1097,1056
1031,4,1056,1097,1098,1057
1032,4,1057,1098,1099,1058
1033,4,1058,1099,1100,1059
1034,4,1059,1100,1101,1060
1035,4,1060,1101,1102,1061
1036,4,1061,1102,1103,1062
1037,4,1062,1103,1104,1063
1038,4,1063,1104,1105,1064
1039,4,1064,1105,1106,1065
1040,4,1066,1107,1108,1067
1041,4,1067,1108,1109,1068
1042,4,1068,1109,1110,1069
1043,4,1069,1110,1111,1070
1044,4,1070,1111,1112,1071
1045,4,1071,1112,1113,1072
1046,4,1072,1113,1114,1073
1047,4,1073,1114,1115,1074
1048,4,1074,1115,1116,1075
1049,4,1075,1116,1117,1076
1050,4,1076,1117,1118,1077
1051,4,1077,1118,1119,1078
1052,4,1078,1119,1120,1079
1053,4,1079,1120,1121,1080
1054,4,1080,1121,1122,1081
1055,4,1081,1122,1123,1082
1056,4,1082,1123,1124,1083
1057,4,1083,1124,1125,1084
1058,4,1084,1125,1126,1085
1059,4,1085,1126,1127,1086
1060,4,1086,1127,1128,1087
1061,4,1087,1128,1129,1088
1062,4,1088,1129,1130,1089
1063,4,1089,1130,1131,1090
1064,4,1090,1131,1132,1091
1065,4,1091,1132,1133,1092
1066,4,1092,1133,1134,1093
1067,4,1093,1134,1135,1094
1068,4,1094,1135,1136,1095
1069,4,1095,1136,1137,1096
1070,4,1096,1137,1138,1097
1071,4,1097,1138,1139,1098
1072,4,1098,1139,1140,1099
1073,4,1099,1140,1141,1100
1074,4,1100,1141,1142,1101
1075,4,1101,1142,1143,1102
1076,4,1102,1143,1144,1103
1077,4,1103,1144,1145,1104
1078,4,1104,1145,1146,1105
1079,4,1105,1146,1147,1106
1080,4,1107,1148,1149,1108
1081,4,1108,1149,1150,1109
1082,4,1109,1150,1151,1110
1083,4,1110,1151,1152,1111
1084,4,1111,1152,1153,1112
1085,4,1112,1153,1154,1113
1086,4,1113,1154,1155,1114
1087,4,1114,1155,1156,1115
1088,4,1115,1156,1157,1116
1089,4,1116,1157,1158,1117
1090,4,1117,1158,1159,1118
1091,4,1118,1159,1160,1119
1092,4,1119,1160,1161,1120
1093,4,1120,1161,1162,1121
1094,4,1121,1162,1163,1122
1095,4,1122,1163,1164,1123
1096,4,1123,1164,1165,1124
1097,4,1124,1165,1166,1125
1098,4,1125,1166,1167,1126
1099,4,1126,1167,1168,1127
1100,4,1127,1168,1169,1128
1101,4,1128,1169,1170,1129
1102,4,1129,1170,1171,1130
1103,4,1130,1171,1172,1131
1104,4,1131,1172,1173,1132
1105,4,1132,1173,1174,1133
1106,4,1133,1174,1175,1134
1107,4,1134,1175,1176,1135
1108,4,1135,1176,1177,1136
1109,4,1136,1177,1178,1137
1110,4,1137,1178,1179,1138
1111,4,1138,1179,1180,1139
1112,4,1139,1180,1181,1140
1113,4,1140,1181,1182,1141
1114,4,1141,1182,1183,1142
1115,4,1142,1183,1184,1143
1116,4,1143,1184,1185,1144
1117,4,1144,1185,1186,1145
1118,4,1145,1186,1187,1146
1119,4,1146,1187,1188,1147
1120,4,1148,1189,1190,1149
1121,4,1149,1190,1191,1150
1122,4,1150,1191,1192,1151
1123,4,1151,1192,1193,1152
1124,4,1152,1193,1194,1153
1125,4,1153,1194,1195,1154
1126,4,1154,1195,1196,1155
1127,4,1155,1196,1197,1156
1128,4,1156,1197,1198,1157
1129,4,1157,1198,1199,1158
1130,4,1158,1199,1200,1159
1131,4,1159,1200,1201,1160
1132,4,1160,1201,1202,1161
1133,4,1161,1202,1203,1162
1134,4,1162,1203,1204,1163
1135,4,1163,1204,1205,1164
1136,4,1164,1205,1206,1165
1137,4,1165,1206,1207,1166
1138,4,1166,1207,1208,1167
1139,4,1167,1208,1209,1168
1140,4,1168,1209,1210,1169
1141,4,1169,1210,1211,1170
1142,4,1170,1211,1212,1171
1143,4,1171,1212,1213,1172
1144,4,1172,1213,1214,1173
1145,4,1173,1214,1215,1174
1146,4,1174,1215,1216,1175
1147,4,1175,1216,1217,1176
1148,4,1176,1217,1218,1177
1149,4,1177,1218,1219,1178
1150,4,1178,1219,1220,1179
1151,4,1179,1220,1221,1180
1152,4,1180,1221,1222,1181
1153,4,1181,1222,1223,1182
1154,4,1182,1223,1224,1183
1155,4,1183,1224,1225,1184
1156,4,1184,1225,1226,1185
1157,4,1185,1226,1227,1186
1158,4,1186,1227,1228,1187
1159,4,1187,1228,1229,1188
1160,4,1189,1230,1231,1190
1161,4,1190,1231,1232,1191
1162,4,1191,1232,1233,1192
1163,4,1192,1233,1234,1193
1164,4,1193,1234,1235,1194
1165,4,1194,1235,1236,1195
1166,4,1195,1236,1237,1196
1167,4,1196,1237,1238,1197
1168,4,1197,1238,1239,1198
1169,4,1198,1239,1240,1199
1170,4,1199,1240,1241,1200
1171,4,1200,1241,1242,1201
1172,4,1201,1242,1243,1202
1173,4,1202,1243,1244,1203
1174,4,1203,1244,1245,1204
1175,4,1204,1245,1246,1205
1176,4,1205,1246,1247,1206
1177,4,1206,1247,1248,1207
1178,4,1207,1248,1249,1208
1179,4,1208,1249,1250,1209
1180,4,1209,1250,1251,1210
1181,4,1210,1251,1252,1211
1182,4,1211,1252,1253,1212
1183,4,1212,1253,1254,1213
1184,4,1213,1254,1255,1214
1185,4,1214,1255,1256,1215
1186,4,1215,1256,1257,1216
1187,4,1216,1257,1258,1217
1188,4,1217,1258,1259,1218
1189,4,1218,1259,1260,1219
1190,4,1219,1260,1261,1220
1191,4,1220,1261,1262,1221
1192,4,1221,1262,1263,1222
1193,4,1222,1263,1264,1223
1194,4,1223,1264,1265,1224
1195,4,1224,1265,1266,1225
1196,4,1225,1266,1267,1226
1197,4,1226,1267,1268,1227
1198,4,1227,1268,1269,1228
1199,4,1228,1269,1270,1229
1200,4,1230,1271,1272,1231
1201,4,1231,1272,1273,1232
1202,4,1232,1273,1274,1233
1203,4,1233,1274,1275,1234
1204,4,1234,1275,1276,1235
1205,4,1235,1276,1277,1236
1206,4,1236,1277,1278,1237
1207,4,1237,1278,1279,1238
1208,4,1238,1279,1280,1239
1209,4,1239,1280,1281,1240
1210,4,1240,1281,1282,1241
1211,4,1241,1282,1283,1242
1212,4,1242,1283,1284,1243
1213,4,1243,1284,1285,1244
1214,4,1244,1285,1286,1245
1215,4,1245,1286,1287,1246
1216,4,1246,1287,1288,1247
1217,4,1247,1288,1289,1248
1218,4,1248,1289,1290,1249
1219,4,1249,1290,1291,1250
1220,4,1250,1291,1292,1251
1221,4,1251,1292,1293,1252
1222,4,1252,1293,1294,1253
1223,4,1253,1294,1295,1254
1224,4,1254,1295,1296,1255
1225,4,1255,1296,1297,1256
1226,4,1256,1297,1298,1257
1227,4,1257,1298,1299,1258
1228,4,1258,1299,1300,1259
1229,4,1259,1300,1301,1260
1230,4,1260,1301,1302,1261
1231,4,1261,1302,1303,1262
1232,4,1262,1303,1304,1263
1233,4,1263,1304,1305,1264
1234,4,1264,1305,1306,1265
1235,4,1265,1306,1307,1266
1236,4,1266,1307,1308,1267
1237,4,1267,1308,1309,1268
1238,4,1268,1309,1310,1269
1239,4,1269,1310,1311,1270
1240,4,1271,1312,1313,1272
1241,4,1272,1313,1314,1273
1242,4,1273,1314,1315,1274
1243,4,1274,1315,1316,1275
1244,4,1275,1316,1317,1276
1245,4,1276,1317,1318,1277
1246,4,1277,1318,1319,1278
1247,4,1278,1319,1320,1279
1248,4,1279,1320,1321,1280
1249,4,1280,1321,1322,1281
1250,4,1281,1322,1323,1282
1251,4,1282,1323,1324,1283
1252,4,1283,1324,1325,1284
1253,4,1284,1325,1326,1285
1254,4,1285,1326,1327,1286
1255,4,1286,1327,1328,1287
1256,4,1287,1328,1329,1288
1257,4,1288,1329,1330,1289
1258,4,1289,1330,1331,1290
1259,4,1290,1331,1332,1291
1260,4,1291,1332,1333,1292
1261,4,1292,1333,1334,1293
1262,4,1293,1334,1335,1294
1263,4,1294,1335,1336,1295
1264,4,1295,1336,1337,1296
1265,4,1296,1337,1338,1297
1266,4,1297,1338,1339,1298
1267,4,1298,1339,1340,1299
1268,4,1299,1340,1341,1300
1269,4,1300,1341,1342,1301
1270,4,1301,1342,1343,1302
1271,4,1302,1343,1344,1303
1272,4,1303,1344,1345,1304
1273,4,1304,1345,1346,1305
1274,4,1305,1346,1347,1306
1275,4,1306,1347,1348,1307
1276,4,1307,1348,1349,1308
1277,4,1308,1349,1350,1309
1278,4,1309,1350,1351,1310
1279,4,1310,1351,1352,1311
1280,4,1312,1353,1354,1313
1281,4,1313,1354,1355,1314
1282,4,1314,1355,1356,1315
1283,4,1315,1356,1357,1316
1284,4,1316,1357,1358,1317
1285,4,1317,1358,1359,1318
1286,4,1318,1359,1360,1319
1287,4,1319,1360,1361,1320
1288,4,1320,1361,1362,1321
1289,4,1321,1362,1363,1322
1290,4,1322,1363,1364,1323
1291,4,1323,1364,1365,1324
1292,4,1324,1365,1366,1325
1293,4,1325,1366,1367,1326
1294,4,1326,1367,1368,1327
1295,4,1327,1368,1369,1328
1296,4,1328,1369,1370,1329
1297,4,1329,1370,1371,1330
1298,4,1330,1371,1372,1331
1299,4,1331,1372,1373,1332
1300,4,1332,1373,1374,1333
1301,4,1333,1374,1375,1334
1302,4,1334,1375,1376,1335
1303,4,1335,1376,1377,1336
1304,4,1336,1377,1378,1337
1305,4,1337,1378,1379,1338
1306,4,1338,1379,1380,1339
1307,4,1339,1380,1381,1340
1308,4,1340,1381,1382,1341
1309,4,1341,1382,1383,1342
1310,4,1342,1383,1384,1343
1311,4,1343,1384,1385,1344
1312,4,1344,1385,1386,1345
1313,4,1345,1386,1387,1346
1314,4,1346,1387,1388,1347
1315,4,1347,1388,1389,1348
1316,4,1348,1389,1390,1349
1317,4,1349,1390,1391,1350
1318,4,1350,1391,1392,1351
1319,4,1351,1392,1393,1352
1320,4,1353,1394,1395,1354
1321,4,1354,1395,1396,1355
1322,4,1355,1396,1397,1356
1323,4,1356,1397,1398,1357
1324,4,1357,1398,1399,1358
1325,4,1358,1399,1400,1359
1326,4,1359,1400,1401,1360
1327,4,1360,1401,1402,1361
1328,4,1361,1402,1403,1362
1329,4,1362,1403,1404,1363
1330,4,1363,1404,1405,1364
1331,4,1364,1405,1406,1365
1332,4,1365,1406,1407,1366
1333,4,1366,1407,1408,1367
1334,4,1367,1408,1409,1368
1335,4,1368,1409,1410,1369
1336,4,1369,1410,1411,1370
1337,4,1370,1411,1412,1371
1338,4,1371,1412,1413,1372
1339,4,1372,1413,1414,1373
1340,4,1373,1414,1415,1374
1341,4,1374,1415,1416,1375
1342,4,1375,1416,1417,1376
1343,4,1376,1417,1418,1377
1344,4,1377,1418,1419,1378
1345,4,1378,1419,1420,1379
1346,4,1379,1420,1421,1380
1347,4,1380,1421,1422,1381
1348,4,1381,1422,1423,1382
1349,4,1382,1423,1424,1383
1350,4,1383,1424,1425,1384
1351,4,1384,1425,1426,1385
1352,4,1385,1426,1427,1386
1353,4,1386,1427,1428,1387
1354,4,1387,1428,1429,1388
1355,4,1388,1429,1430,1389
1356,4,1389,1430,1431,1390
1357,4,1390,1431,1432,1391
1358,4,1391,1432,1433,1392
1359,4,1392,1433,1434,1393
1360,4,1394,1435,1436,1395
1361,4,1395,1436,1437,1396
1362,4,1396,1437,1438,1397
1363,4,1397,1438,1439,1398
1364,4,1398,1439,1440,1399
1365,4,1399,1440,1441,1400
1366,4,1400,1441,1442,1401
1367,4,1401,1442,1443,1402
1368,4,1402,1443,1444,1403
1369,4,1403,1444,1445,1404
1370,4,1404,1445,1446,1405
1371,4,1405,1446,1447,1406
1372,4,1406,1447,1448,1407
1373,4,1407,1448,1449,1408
1374,4,1408,1449,1450,1409
1375,4,1409,1450,1451,1410
1376,4,1410,1451,1452,1411
1377,4,1411,1452,1453,1412
1378,4,1412,1453,1454,1413
1379,4,1413,1454,1455,1414
1380,4,1414,1455,1456,1415
1381,4,1415,1456,1457,1416
1382,4,1416,1457,1458,1417
1383,4,1417,1458,1459,1418
1384,4,1418,1459,1460,1419
1385,4,1419,1460,1461,1420
1386,4,1420,1461,1462,1421
1387,4,1421,1462,1463,1422
1388,4,1422,1463,1464,1423
1389,4,1423,1464,1465,1424
1390,4,1424,1465,1466,1425
1391,4,1425,1466,1467,1426
1392,4,1426,1467,1468,1427
1393,4,1427,1468,1469,1428
1394,4,1428,1469,1470,1429
1395,4,1429,1470,1471,1430
1396,4,1430,1471,1472,1431
1397,4,1431,1472,1473,1432
1398,4,1432,1473,1474,1433
1399,4,1433,1474,1475,1434
1400,4,1435,1476,1477,1436
1401,4,1436,1477,1478,1437
1402,4,1437,1478,1479,1438
1403,4,1438,1479,1480,1439
1404,4,1439,1480,1481,1440
1405,4,1440,1481,1482,1441
1406,4,1441,1482,1483,1442
1407,4,1442,1483,1484,1443
1408,4,1443,1484,1485,1444
1409,4,1444,1485,1486,1445
1410,4,1445,1486,1487,1446
1411,4,1446,1487,1488,1447
1412,4,1447,1488,1489,1448
1413,4,1448,1489,1490,1449
1414,4,1449,1490,1491,1450
1415,4,1450,1491,1492,1451
1416,4,1451,1492,1493,1452
1417,4,1452,1493,1494,1453
1418,4,1453,1494,1495,1454
1419,4,1454,1495,1496,1455
1420,4,1455,1496,1497,1456
1421,4,1456,1497,1498,1457
1422,4,1457,1498,1499,1458
1423,4,1458,1499,1500,1459
1424,4,1459,1500,1501,1460
1425,4,1460,1501,1502,1461
1426,4,1461,1502,1503,1462
1427,4,1462,1503,1504,1463
1428,4,1463,1504,1505,1464
1429,4,1464,1505,1506,1465
1430,4,1465,1506,1507,1466
1431,4,1466,1507,1508,1467
1432,4,1467,1508,1509,1468
1433,4,1468,1509,1510,1469
1434,4,1469,1510,1511,1470
1435,4,1470,1511,1512,1471
1436,4,1471,1512,1513,1472
1437,4,1472,1513,1514,1473
1438,4,1473,1514,1515,1474
1439,4,1474,1515,1516,1475
1440,4,1476,1517,1518,1477
1441,4,1477,1518,1519,1478
1442,4,1478,1519,1520,1479
1443,4,1479,1520,1521,1480
1444,4,1480,1521,1522,1481
1445,4,1481,1522,1523,1482
1446,4,1482,1523,1524,1483
1447,4,1483,1524,1525,1484
1448,4,1484,1525,1526,1485
1449,4,1485,1526,1527,1486
1450,4,1486,1527,1528,1487
1451,4,1487,1528,1529,1488
1452,4,1488,1529,1530,1489
1453,4,1489,1530,1531,1490
1454,4,1490,1531,1532,1491
1455,4,1491,1532,1533,1492
1456,4,1492,1533,1534,1493
1457,4,1493,1534,1535,1494
1458,4,1494,1535,1536,1495
1459,4,1495,1536,1537,1496
1460,4,1496,1537,1538,1497
1461,4,1497,1538,1539,1498
1462,4,1498,1539,1540,1499
1463,4,1499,1540,1541,1500
1464,4,1500,1541,1542,1501
1465,4,1501,1542,1543,1502
1466,4,1502,1543,1544,1503
1467,4,1503,1544,1545,1504
1468,4,1504,1545,1546,1505
1469,4,1505,1546,1547,1506
1470,4,1506,1547,1548,1507
1471,4,1507,1548,1549,1508
1472,4,1508,1549,1550,1509
1473,4,1509,1550,1551,1510
1474,4,1510,1551,1552,1511
1475,4,1511,1552,1553,1512
1476,4,1512,1553,1554,1513
1477,4,1513,1554,1555,1514
1478,4,1514,1555,1556,1515
1479,4,1515,1556,1557,1516
1480,4,1517,1558,1559,1518
1481,4,1518,1559,1560,1519
1482,4,1519,1560,1561,1520
1483,4,1520,1561,1562,1521
1484,4,1521,1562,1563,1522
1485,4,1522,1563,1564,1523
1486,4,1523,1564,1565,1524
1487,4,1524,1565,1566,1525
1488,4,1525,1566,1567,1526
1489,4,1526,1567,1568,1527
1490,4,1527,1568,1569,1528
1491,4,1528,1569,1570,1529
1492,4,1529,1570,1571,1530
1493,4,1530,1571,1572,1531
1494,4,1531,1572,1573,1532
1495,4,1532,1573,1574,1533
1496,4,1533,1574,1575,1534
1497,4,1534,1575,1576,1535
1498,4,1535,1576,1577,1536
1499,4,1536,1577,1578,1537
1500,4,1537,1578,1579,1538
1501,4,1538,1579,1580,1539
1502,4,1539,1580,1581,1540
1503,4,1540,1581,1582,1541
1504,4,1541,1582,1583,1542
1505,4,1542,1583,1584,1543
1506,4,1543,1584,1585,1544
1507,4,1544,1585,1586,1545
1508,4,1545,1586,1587,1546
1509,4,1546,1587,1588,1547
1510,4,1547,1588,1589,1548
1511,4,1548,1589,1590,1549
1512,4,1549,1590,1591,1550
1513,4,1550,1591,1592,1551
1514,4,1551,1592,1593,1552
1515,4,1552,1593,1594,1553
1516,4,1553,1594,1595,1554
1517,4,1554,1595,1596,1555
1518,4,1555,1596,1597,1556
1519,4,1556,1597,1598,1557
1520,4,1558,1599,1600,1559
1521,4,1559,1600,1601,1560
1522,4,1560,1601,1602,1561
1523,4,1561,1602,1603,1562
1524,4,1562,1603,1604,1563
1525,4,1563,1604,1605,1564
1526,4,1564,1605,1606,1565
1527,4,1565,1606,1607,1566
1528,4,1566,1607,1608,1567
1529,4,1567,1608,1609,1568
1530,4,1568,1609,1610,1569
1531,4,1569,1610,1611,1570
1532,4,1570,1611,1612,1571
1533,4,1571,1612,1613,1572
1534,4,1572,1613,1614,1573
1535,4,1573,1614,1615,1574
1536,4,1574,1615,1616,1575
1537,4,1575,1616,1617,1576
1538,4,1576,1617,1618,1577
1539,4,1577,1618,1619,1578
1540,4,1578,1619,1620,1579
1541,4,1579,1620,1621,1580
1542,4,1580,1621,1622,1581
1543,4,1581,1622,1623,1582
1544,4,1582,1623,1624,1583
1545,4,1583,1624,1625,1584
1546,4,1584,1625,1626,1585
1547,4,1585,1626,1627,1586
1548,4,1586,1627,1628,1587
1549,4,1587,1628,1629,1588
1550,4,1588,1629,1630,1589
1551,4,1589,1630,1631,1590
1552,4,1590,1631,1632,1591
1553,4,1591,1632,1633,1592
1554,4,1592,1633,1634,1593
1555,4,1593,1634,1635,1594
1556,4,1594,1635,1636,1595
1557,4,1595,1636,1637,1596
1558,4,1596,1637,1638,1597
1559,4,1597,1638,1639,1598
1560,4,1599,1640,1641,1600
1561,4,1600,1641,1642,1601
1562,4,1601,1642,1643,1602
1563,4,1602,1643,1644,1603
1564,4,1603,1644,1645,1604
1565,4,1604,1645,1646,1605
1566,4,1605,1646,1647,1606
1567,4,1606,1647,1648,1607
1568,4,1607,1648,1649,1608
1569,4,1608,1649,1650,1609
1570,4,1609,1650,1651,1610
1571,4,1610,1651,1652,1611
1572,4,1611,1652,1653,1612
1573,4,1612,1653,1654,1613
1574,4,1613,1654,1655,1614
1575,4,1614,1655,1656,1615
1576,4,1615,1656,1657,1616
1577,4,1616,1657,1658,1617
1578,4,1617,1658,1659,1618
1579,4,1618,1659,1660,1619
1580,4,1619,1660,1661,1620
1581,4,1620,1661,1662,1621
1582,4,1621,1662,1663,1622
1583,4,1622,1663,1664,1623
1584,4,1623,1664,1665,1624
1585,4,1624,1665,1666,1625
1586,4,1625,1666,1667,1626
1587,4,1626,1667,1668,1627
1588,4,1627,1668,1669,1628
1589,4,1628,1669,1670,1629
1590,4,1629,1670,1671,1630
1591,4,1630,1671,1672,1631
1592,4,1631,1672,1673,1632
1593,4,1632,1673,1674,1633
1594,4,1633,1674,1675,1634
1595,4,1634,1675,1676,1635
1596,4,1635,1676,1677,1636
1597,4,1636,1677,1678,1637
1598,4,1637,1678,1679,1638
1599,4,1638,1679,1680,1639
1600,4,1640,1681,1682,1641
1601,4,1641,1682,1683,1642
1602,4,1642,1683,1684,1643
1603,4,1643,1684,1685,1644
1604,4,1644,1685,1686,1645
1605,4,1645,1686,1687,1646
1606,4,1646,1687,1688,1647
1607,4,1647,1688,1689,1648
1608,4,1648,1689,1690,1649
1609,4,1649,1690,1691,1650
1610,4,1650,1691,1692,1651
1611,4,1651,1692,1693,1652
1612,4,1652,1693,1694,1653
1613,4,1653,1694,1695,1654
1614,4,1654,1695,1696,1655
1615,4,1655,1696,1697,1656
1616,4,1656,1697,1698,1657
1617,4,1657,1698,1699,1658
1618,4,1658,1699,1700,1659
1619,4,1659,1700,1701,1660
1620,4,1660,1701,1702,1661
1621,4,1661,1702,1703,1662
1622,4,1662,1703,1704,1663
1623,4,1663,1704,1705,1664
1624,4,1664,1705,1706,1665
1625,4,1665,1706,1707,1666
1626,4,1666,1707,1708,1667
1627,4,1667,1708,1709,1668
1628,4,1668,1709,1710,1669
1629,4,1669,1710,1711,1670
1630,4,1670,1711,1712,1671
1631,4,1671,1712,1713,1672
1632,4,1672,1713,1714,1673
1633,4,1673,1714,1715,1674
1634,4,1674,1715,1716,1675
1635,4,1675,1716,1717,1676
1636,4,1676,1717,1718,1677
1637,4,1677,1718,1719,1678
1638,4,1678,1719,1720,1679
1639,4,1679,1720,1721,1680
1640,4,1681,1722,1723,1682
1641,4,1682,1723,1724,1683
1642,4,1683,1724,1725,1684
1643,4,1684,1725,1726,1685
1644,4,1685,1726,1727,1686
1645,4,1686,1727,1728,1687
1646,4,1687,1728,1729,1688
1647,4,1688,1729,1730,1689
1648,4,1689,1730,1731,1690
1649,4,1690,1731,1732,1691
1650,4,1691,1732,1733,1692
1651,4,1692,1733,1734,1693
1652,4,1693,1734,1735,1694
1653,4,1694,1735,1736,1695
1654,4,1695,1736,1737,1696
1655,4,1696,1737,1738,1697
1656,4,1697,1738,1739,1698
1657,4,1698,1739,1740,1699
1658,4,1699,1740,1741,1700
1659,4,1700,1741,1742,1701
1660,4,1701,1742,1743,1702
1661,4,1702,1743,1744,1703
1662,4,1703,1744,1745,1704
1663,4,1704,1745,1746,1705
1664,4,1705,1746,1747,1706
1665,4,1706,1747,1748,1707
1666,4,1707,1748,1749,1708
1667,4,1708,1749,1750,1709
1668,4,1709,1750,1751,1710
1669,4,1710,1751,1752,1711
1670,4,1711,1752,1753,1712
1671,4,1712,1753,1754,1713
1672,4,1713,1754,1755,1714
1673,4,1714,1755,1756,1715
1674,4,1715,1756,1757,1716
1675,4,1716,1757,1758,1717
1676,4,1717,1758,1759,1718
1677,4,1718,1759,1760,1719
1678,4,1719,1760,1761,1720
1679,4,1720,1761,1762,1721
1680,4,1722,1763,1764,1723
1681,4,1723,1764,1765,1724
1682,4,1724,1765,1766,1725
1683,4,1725,1766,1767,1726
1684,4,1726,1767,1768,1727
1685,4,1727,1768,1769,1728
1686,4,1728,1769,1770,1729
1687,4,1729,1770,1771,1730
1688,4,1730,1771,1772,1731
1689,4,1731,1772,1773,1732
1690,4,1732,1773,1774,1733
1691,4,1733,1774,1775,1734
1692,4,1734,1775,1776,1735
1693,4,1735,1776,1777,1736
1694,4,1736,1777,1778,1737
1695,4,1737,1778,1779,1738
1696,4,1738,1779,1780,1739
1697,4,1739,1780,1781,1740
1698,4,1740,1781,1782,1741
1699,4,1741,1782,1783,1742
1700,4,1742,1783,1784,1743
1701,4,1743,1784,1785,1744
1702,4,1744,1785,1786,1745
1703,4,1745,1786,1787,1746
1704,4,1746,1787,1788,1747
1705,4,1747,1788,1789,1748
1706,4,1748,1789,1790,1749
1707,4,1749,1790,1791,1750
1708,4,1750,1791,1792,1751
1709,4,1751,1792,1793,1752
1710,4,1752,1793,1794,1753
1711,4,1753,1794,1795,1754
1712,4,1754,1795,1796,1755
1713,4,1755,1796,1797,1756
1714,4,1756,1797,1798,1757
1715,4,1757,1798,1799,1758
1716,4,1758,1799,1800,1759
1717,4,1759,1800,1801,1760
1718,4,1760,1801,1802,1761
1719,4,1761,1802,1803,1762
1720,4,1763,1804,1805,1764
1721,4,1764,1805,1806,1765
1722,4,1765,1806,1807,1766
1723,4,1766,1807,1808,1767
1724,4,1767,1808,1809,1768
1725,4,1768,1809,1810,1769
1726,4,1769,1810,1811,1770
1727,4,1770,1811,1812,1771
1728,4,1771,1812,1813,1772
1729,4,1772,1813,1814,1773
1730,4,1773,1814,1815,1774
1731,4,1774,1815,1816,1775
1732,4,1775,1816,1817,1776
1733,4,1776,1817,1818,1777
1734,4,1777,1818,1819,1778
1735,4,1778,1819,1820,1779
1736,4,1779,1820,1821,1780
1737,4,1780,1821,1822,1781
1738,4,1781,1822,1823,1782
1739,4,1782,1823,1824,1783
1740,4,1783,1824,1825,1784
1741,4,1784,1825,1826,1785
1742,4,1785,1826,1827,1786
1743,4,1786,1827,1828,1787
1744,4,1787,1828,1829,1788
1745,4,1788,1829,1830,1789
1746,4,1789,1830,1831,1790
1747,4,1790,1831,1832,1791
1748,4,1791,1832,1833,1792
1749,4,1792,1833,1834,1793
1750,4,1793,1834,1835,1794
1751,4,1794,1835,1836,1795
1752,4,1795,1836,1837,1796
1753,4,1796,1837,1838,1797
1754,4,1797,1838,1839,1798
1755,4,1798,1839,1840,1799
1756,4,1799,1840,1841,1800
1757,4,1800,1841,1842,1801
1758,4,1801,1842,1843,1802
1759,4,1802,1843,1844,1803
1760,4,1804,1845,1846,1805
1761,4,1805,1846,1847,1806
1762,4,1806,1847,1848,1807
1763,4,1807,1848,1849,1808
1764,4,1808,1849,1850,1809
1765,4,1809,1850,1851,1810
1766,4,1810,1851,1852,1811
1767,4,1811,1852,1853,1812
1768,4,1812,1853,1854,1813
1769,4,1813,1854,1855,1814
1770,4,1814,1855,1856,1815
1771,4,1815,1856,1857,1816
1772,4,1816,1857,1858,1817
1773,4,1817,1858,1859,1818
1774,4,1818,1859,1860,1819
1775,4,1819,1860,1861,1820
1776,4,1820,1861,1862,1821
1777,4,1821,1862,1863,1822
1778,4,1822,1863,1864,1823
1779,4,1823,1864,1865,1824
1780,4,1824,1865,1866,1825
1781,4,1825,1866,1867,1826
1782,4,1826,1867,1868,1827
1783,4,1827,1868,1869,1828
1784,4,1828,1869,1870,1829
1785,4,1829,1870,1871,1830
1786,4,1830,1871,1872,1831
1787,4,1831,1872,1873,1832
1788,4,1832,1873,1874,1833
1789,4,1833,1874,1875,1834
1790,4,1834,1875,1876,1835
1791,4,1835,1876,1877,1836
1792,4,1836,1877,1878,1837
1793,4,1837,1878,1879,1838
1794,4,1838,1879,1880,1839
1795,4,1839,1880,1881,1840
1796,4,1840,1881,1882,1841
1797,4,1841,1882,1883,1842
1798,4,1842,1883,1884,1843
1799,4,1843,1884,1885,1844
1800,4,1845,1886,1887,1846
1801,4,1846,1887,1888,1847
1802,4,1847,1888,1889,1848
1803,4,1848,1889,1890,1849
1804,4,1849,1890,1891,1850
1805,4,1850,1891,1892,1851
1806,4,1851,1892,1893,1852
1807,4,1852,1893,1894,1853
1808,4,1853,1894,1895,1854
1809,4,1854,1895,1896,1855
1810,4,1855,1896,1897,1856
1811,4,1856,1897,1898,1857
1812,4,1857,1898,1899,1858
1813,4,1858,1899,1900,1859
1814,4,1859,1900,1901,1860
1815,4,1860,1901,1902,1861
1816,4,1861,1902,1903,1862
1817,4,1862,1903,1904,1863
1818,4,1863,1904,1905,1864
1819,4,1864,1905,1906,1865
1820,4,1865,1906,1907,1866
1821,4,1866,1907,1908,1867
1822,4,1867,1908,1909,1868
1823,4,1868,1909,1910,1869
1824,4,1869,1910,1911,1870
1825,4,1870,1911,1912,1871
1826,4,1871,1912,1913,1872
1827,4,1872,1913,1914,1873
1828,4,1873,1914,1915,1874
1829,4,1874,1915,1916,1875
1830,4,1875,1916,1917,1876
1831,4,1876,1917,1918,1877
1832,4,1877,1918,1919,1878
1833,4,1878,1919,1920,1879
1834,4,1879,1920,1921,1880
1835,4,1880,1921,1922,1881
1836,4,1881,1922,1923,1882
1837,4,1882,1923,1924,1883
1838,4,1883,1924,1925,1884
1839,4,1884,1925,1926,1885
1840,4,1886,1927,1928,1887
1841,4,1887,1928,1929,1888
1842,4,1888,1929,1930,1889
1843,4,1889,1930,1931,1890
1844,4,1890,1931,1932,1891
1845,4,1891,1932,1933,1892
1846,4,1892,1933,1934,1893
1847,4,1893,1934,1935,1894
1848,4,1894,1935,1936,1895
1849,4,1895,1936,1937,1896
1850,4,1896,1937,1938,1897
1851,4,1897,1938,1939,1898
1852,4,1898,1939,1940,1899
1853,4,1899,1940,1941,1900
1854,4,1900,1941,1942,1901
1855,4,1901,1942,1943,1902
1856,4,1902,1943,1944,1903
1857,4,1903,1944,1945,1904
1858,4,1904,1945,1946,1905
1859,4,1905,1946,1947,1906
1860,4,1906,1947,1948,1907
1861,4,1907,1948,1949,1908
1862,4,1908,1949,1950,1909
1863,4,1909,1950,1951,1910
1864,4,1910,1951,1952,1911
1865,4,1911,1952,1953,1912
1866,4,1912,1953,1954,1913
1867,4,1913,1954,1955,1914
1868,4,1914,1955,1956,1915
1869,4,1915,1956,1957,1916
1870,4,1916,1957,1958,1917
1871,4,1917,1958,1959,1918
1872,4,1918,1959,1960,1919
1873,4,1919,1960,1961,1920
1874,4,1920,1961,1962,1921
1875,4,1921,1962,1963,1922
1876,4,1922,1963,1964,1923
1877,4,1923,1964,1965,1924
1878,4,1924,1965,1966,1925
1879,4,1925,1966,1967,1926
1880,4,1927,1968,1969,1928
1881,4,1928,1969,1970,1929
1882,4,1929,1970,1971,1930
1883,4,1930,1971,1972,1931
1884,4,1931,1972,1973,1932
1885,4,1932,1973,1974,1933
1886,4,1933,1974,1975,1934
1887,4,1934,1975,1976,1935
1888,4,1935,1976,1977,1936
1889,4,1936,1977,1978,1937
1890,4,1937,1978,1979,1938
1891,4,1938,1979,1980,1939
1892,4,1939,1980,1981,1940
1893,4,1940,1981,1982,1941
1894,4,1941,1982,1983,1942
1895,4,1942,1983,1984,1943
1896,4,1943,1984,1985,1944
1897,4,1944,1985,1986,1945
1898,4,1945,1986,1987,1946
1899,4,1946,1987,1988,1947
1900,4,1947,1988,1989,1948
1901,4,1948,1989,1990,1949
1902,4,1949,1990,1991,1950
1903,4,1950,1991,1992,1951
1904,4,1951,1992,1993,1952
1905,4,1952,1993,1994,1953
1906,4,1953,1994,1995,1954
1907,4,1954,1995,1996,1955
1908,4,1955,1996,1997,1956
1909,4,1956,1997,1998,1957
1910,4,1957,1998,1999,1958
1911,4,1958,1999,2000,1959
1912,4,1959,2000,2001,1960
1913,4,1960,2001,2002,1961
1914,4,1961,2002,2003,1962
1915,4,1962,2003,2004,1963
1916,4,1963,2004,2005,1964
1917,4,1964,2005,2006,1965
1918,4,1965,2006,2007,1966
1919,4,1966,2007,2008,1967
1920,4,1968,2009,2010,1969
1921,4,1969,2010,2011,1970
1922,4,1970,2011,2012,1971
1923,4,1971,2012,2013,1972
1924,4,1972,2013,2014,1973
1925,4,1973,2014,2015,1974
1926,4,1974,2015,2016,1975
1927,4,1975,2016,2017,1976
1928,4,1976,2017,2018,1977
1929,4,1977,2018,2019,1978
1930,4,1978,2019,2020,1979
1931,4,1979,2020,2021,1980
1932,4,1980,2021,2022,1981
1933,4,1981,2022,2023,1982
1934,4,1982,2023,2024,1983
1935,4,1983,2024,2025,1984
1936,4,1984,2025,2026,1985
1937,4,1985,2026,2027,1986
1938,4,1986,2027,2028,1987
1939,4,1987,2028,2029,1988
1940,4,1988,2029,2030,1989
1941,4,1989,2030,2031,1990
1942,4,1990,2031,2032,1991
1943,4,1991,2032,2033,1992
1944,4,1992,2033,2034,1993
1945,4,1993,2034,2035,1994
1946,4,1994,2035,2036,1995
1947,4,1995,2036,2037,1996
1948,4,1996,2037,2038,1997
1949,4,1997,2038,2039,1998
1950,4,1998,2039,2040,1999
1951,4,1999,2040,2041,2000
1952,4,2000,2041,2042,2001
1953,4,2001,2042,2043,2002
1954,4,2002,2043,2044,2003
1955,4,2003,2044,2045,2004
1956,4,2004,2045,2046,2005
1957,4,2005,2046,2047,2006
1958,4,2006,2047,2048,2007
1959,4,2007,2048,2049,2008
1960,4,2009,2050,2051,2010
1961,4,2010,2051,2052,2011
1962,4,2011,2052,2053,2012
1963,4,2012,2053,2054,2013
1964,4,2013,2054,2055,2014
1965,4,2014,2055,2056,2015
1966,4,2015,2056,2057,2016
1967,4,2016,2057,2058,2017
1968,4,2017,2058,2059,2018
1969,4,2018,2059,2060,2019
1970,4,2019,2060,2061,2020
1971,4,2020,2061,2062,2021
1972,4,2021,2062,2063,2022
1973,4,2022,2063,2064,2023
1974,4,2023,2064,2065,2024
1975,4,2024,2065,2066,2025
1976,4,2025,2066,2067,2026
1977,4,2026,2067,2068,2027
1978,4,2027,2068,2069,2028
1979,4,2028,2069,2070,2029
1980,4,2029,2070,2071,2030
1981,4,2030,2071,2072,2031
1982,4,2031,2072,2073,2032
1983,4,2032,2073,2074,2033
1984,4,2033,2074,2075,2034
1985,4,2034,2075,2076,2035
1986,4,2035,2076,2077,2036
1987,4,2036,2077,2078,2037
1988,4,2037,2078,2079,2038
1989,4,2038,2079,2080,2039
1990,4,2039,2080,2081,2040
1991,4,2040,2081,2082,2041
1992,4,2041,2082,2083,2042
1993,4,2042,2083,2084,2043
1994,4,2043,2084,2085,2044
1995,4,2044,2085,2086,2045
1996,4,2045,2086,2087,2046
1997,4,2046,2087,2088,2047
1998,4,2047,2088,2089,2048
1999,4,2048,2089,2090,2049
2000,4,2050,2091,2092,2051
2001,4,2051,2092,2093,2052
2002,4,2052,2093,2094,2053
2003,4,2053,2094,2095,2054
2004,4,2054,2095,2096,2055
2005,4,2055,2096,2097,2056
2006,4,2056,2097,2098,2057
2007,4,2057,2098,2099,2058
2008,4,2058,2099,2100,2059
2009,4,2059,2100,2101,2060
2010,4,2060,2101,2102,2061
2011,4,2061,2102,2103,2062
2012,4,2062,2103,2104,2063
2013,4,2063,2104,2105,2064
2014,4,2064,2105,2106,2065
2015,4,2065,2106,2107,2066
2016,4,2066,2107,2108,2067
2017,4,2067,2108,2109,2068
2018,4,2068,2109,2110,2069
2019,4,2069,2110,2111,2070
2020,4,2070,2111,2112,2071
2021,4,2071,2112,2113,2072
2022,4,2072,2113,2114,2073
2023,4,2073,2114,2115,2074
2024,4,2074,2115,2116,2075
2025,4,2075,2116,2117,2076
2026,4,2076,2117,2118,2077
2027,4,2077,2118,2119,2078
2028,4,2078,2119,2120,2079
2029,4,2079,2120,2121,2080
2030,4,2080,2121,2122,2081
2031,4,2081,2122,2123,2082
2032,4,2082,2123,2124,2083
2033,4,2083,2124,2125,2084
2034,4,2084,2125,2126,2085
2035,4,2085,2126,2127,2086
2036,4,2086,2127,2128,2087
2037,4,2087,2128,2129,2088
2038,4,2088,2129,2130,2089
2039,4,2089,2130,2131,2090
2040,4,2091,2132,2133,2092
2041,4,2092,2133,2134,2093
2042,4,2093,2134,2135,2094
2043,4,2094,2135,2136,2095
2044,4,2095,2136,2137,2096
2045,4,2096,2137,2138,2097
2046,4,2097,2138,2139,2098
2047,4,2098,2139,2140,2099
2048,4,2099,2140,2141,2100
2049,4,2100,2141,2142,2101
2050,4,2101,2142,2143,2102
2051,4,2102,2143,2144,2103
2052,4,2103,2144,2145,2104
2053,4,2104,2145,2146,2105
2054,4,2105,2146,2147,2106
2055,4,2106,2147,2148,2107
2056,4,2107,2148,2149,2108
2057,4,2108,2149,2150,2109
2058,4,2109,2150,2151,2110
2059,4,2110,2151,2152,2111
2060,4,2111,2152,2153,2112
2061,4,2112,2153,2154,2113
2062,4,2113,2154,2155,2114
2063,4,2114,2155,2156,2115
2064,4,2115,2156,2157,2116
2065,4,2116,2157,2158,2117
2066,4,2117,2158,2159,2118
2067,4,2118,2159,2160,2119
2068,4,2119,2160,2161,2120
2069,4,2120,2161,2162,2121
2070,4,2121,2162,2163,2122
2071,4,2122,2163,2164,2123
2072,4,2123,2164,2165,2124
2073,4,2124,2165,2166,2125
2074,4,2125,2166,2167,2126
2075,4,2126,2167,2168,2127
2076,4,2127,2168,2169,2128
2077,4,2128,2169,2170,2129
2078,4,2129,2170,2171,2130
2079,4,2130,2171,2172,2131
2080,4,2132,2173,2174,2133
2081,4,2133,2174,2175,2134
2082,4,2134,2175,2176,2135
2083,4,2135,2176,2177,2136
2084,4,2136,2177,2178,2137
2085,4,2137,2178,2179,2138
2086,4,2138,2179,2180,2139
2087,4,2139,2180,2181,2140
2088,4,2140,2181,2182,2141
2089,4,2141,2182,2183,2142
2090,4,2142,2183,2184,2143
2091,4,2143,2184,2185,2144
2092,4,2144,2185,2186,2145
2093,4,2145,2186,2187,2146
2094,4,2146,2187,2188,2147
2095,4,2147,2188,2189,2148
2096,4,2148,2189,2190,2149
2097,4,2149,2190,2191,2150
2098,4,2150,2191,2192,2151
2099,4,2151,2192,2193,2152
2100,4,2152,2193,2194,2153
2101,4,2153,2194,2195,2154
2102,4,2154,2195,2196,2155
2103,4,2155,2196,2197,2156
2104,4,2156,2197,2198,2157
2105,4,2157,2198,2199,2158
2106,4,2158,2199,2200,2159
2107,4,2159,2200,2201,2160
2108,4,2160,2201,2202,2161
2109,4,2161,2202,2203,2162
2110,4,2162,2203,2204,2163
2111,4,2163,2204,2205,2164
2112,4,2164,2205,2206,2165
2113,4,2165,2206,2207,2166
2114,4,2166,2207,2208,2167
2115,4,2167,2208,2209,2168
2116,4,2168,2209,2210,2169
2117,4,2169,2210,2211,2170
2118,4,2170,2211,2212,2171
2119,4,2171,2212,2213,2172
2120,4,2173,2214,2215,2174
2121,4,2174,2215,2216,2175
2122,4,2175,2216,2217,2176
2123,4,2176,2217,2218,2177
2124,4,2177,2218,2219,2178
2125,4,2178,2219,2220,2179
2126,4,2179,2220,2221,2180
2127,4,2180,2221,2222,2181
2128,4,2181,2222,2223,2182
2129,4,2182,2223,2224,2183
2130,4,2183,2224,2225,2184
2131,4,2184,2225,2226,2185
2132,4,2185,2226,2227,2186
2133,4,2186,2227,2228,2187
2134,4,2187,2228,2229,2188
2135,4,2188,2229,2230,2189
2136,4,2189,2230,2231,2190
2137,4,2190,2231,2232,2191
2138,4,2191,2232,2233,2192
2139,4,2192,2233,2234,2193
2140,4,2193,2234,2235,2194
2141,4,2194,2235,2236,2195
2142,4,2195,2236,2237,2196
2143,4,2196,2237,2238,2197
2144,4,2197,2238,2239,2198
2145,4,2198,2239,2240,2199
2146,4,2199,2240,2241,2200
2147,4,2200,2241,2242,2201
2148,4,2201,2242,2243,2202
2149,4,2202,2243,2244,2203
2150,4,2203,2244,2245,2204
2151,4,2204,2245,2246,2205
2152,4,2205,2246,2247,2206
2153,4,2206,2247,2248,2207
2154,4,2207,2248,2249,2208
2155,4,2208,2249,2250,2209
2156,4,2209,2250,2251,2210
2157,4,2210,2251,2252,2211
2158,4,2211,2252,2253,2212
2159,4,2212,2253,2254,2213
2160,4,2214,2255,2256,2215
2161,4,2215,2256,2257,2216
2162,4,2216,2257,2258,2217
2163,4,2217,2258,2259,2218
2164,4,2218,2259,2260,2219
2165,4,2219,2260,2261,2220
2166,4,2220,2261,2262,2221
2167,4,2221,2262,2263,2222
2168,4,2222,2263,2264,2223
2169,4,2223,2264,2265,2224
2170,4,2224,2265,2266,2225
2171,4,2225,2266,2267,2226
2172,4,2226,2267,2268,2227
2173,4,2227,2268,2269,2228
2174,4,2228,2269,2270,2229
2175,4,2229,2270,2271,2230
2176,4,2230,2271,2272,2231
2177,4,2231,2272,2273,2232
2178,4,2232,2273,2274,2233
2179,4,2233,2274,2275,2234
2180,4,2234,2275,2276,2235
2181,4,2235,2276,2277,2236
2182,4,2236,2277,2278,2237
2183,4,2237,2278,2279,2238
2184,4,2238,2279,2280,2239
2185,4,2239,2280,2281,2240
2186,4,2240,2281,2282,2241
2187,4,2241,2282,2283,2242
2188,4,2242,2283,2284,2243
2189,4,2243,2284,2285,2244
2190,4,2244,2285,2286,2245
2191,4,2245,2286,2287,2246
2192,4,2246,2287,2288,2247
2193,4,2247,2288,2289,2248
2194,4,2248,2289,2290,2249
2195,4,2249,2290,2291,2250
2196,4,2250,2291,2292,2251
2197,4,2251,2292,2293,2252
2198,4,2252,2293,2294,2253
2199,4,2253,2294,2295,2254
2200,4,2255,2296,2297,2256
2201,4,2256,2297,2298,2257
2202,4,2257,2298,2299,2258
2203,4,2258,2299,2300,2259
2204,4,2259,2300,2301,2260
2205,4,2260,2301,2302,2261
2206,4,2261,2302,2303,2262
2207,4,2262,2303,2304,2263
2208,4,2263,2304,2305,2264
2209,4,2264,2305,2306,2265
2210,4,2265,2306,2307,2266
2211,4,2266,2307,2308,2267
2212,4,2267,2308,2309,2268
2213,4,2268,2309,2310,2269
2214,4,2269,2310,2311,2270
2215,4,2270,2311,2312,2271
2216,4,2271,2312,2313,2272
2217,4,2272,2313,2314,2273
2218,4,2273,2314,2315,2274
2219,4,2274,2315,2316,2275
2220,4,2275,2316,2317,2276
2221,4,2276,2317,2318,2277
2222,4,2277,2318,2319,2278
2223,4,2278,2319,2320,2279
2224,4,2279,2320,2321,2280
2225,4,2280,2321,2322,2281
2226,4,2281,2322,2323,2282
2227,4,2282,2323,2324,2283
2228,4,2283,2324,2325,2284
2229,4,2284,2325,2326,2285
2230,4,2285,2326,2327,2286
2231,4,2286,2327,2328,2287
2232,4,2287,2328,2329,2288
2233,4,2288,2329,2330,2289
2234,4,2289,2330,2331,2290
2235,4,2290,2331,2332,2291
2236,4,2291,2332,2333,2292
2237,4,2292,2333,2334,2293
2238,4,2293,2334,2335,2294
2239,4,2294,2335,2336,2295
2240,4,2296,2337,2338,2297
2241,4,2297,2338,2339,2298
2242,4,2298,2339,2340,2299
2243,4,2299,2340,2341,2300
2244,4,2300,2341,2342,2301
2245,4,2301,2342,2343,2302
2246,4,2302,2343,2344,2303
2247,4,2303,2344,2345,2304
2248,4,2304,2345,2346,2305
2249,4,2305,2346,2347,2306
2250,4,2306,2347,2348,2307
2251,4,2307,2348,2349,2308
2252,4,2308,2349,2350,2309
2253,4,2309,2350,2351,2310
2254,4,2310,2351,2352,2311
2255,4,2311,2352,2353,2312
2256,4,2312,2353,2354,2313
2257,4,2313,2354,2355,2314
2258,4,2314,2355,2356,2315
2259,4,2315,2356,2357,2316
2260,4,2316,2357,2358,2317
2261,4,2317,2358,2359,2318
2262,4,2318,2359,2360,2319
2263,4,2319,2360,2361,2320
2264,4,2320,2361,2362,2321
2265,4,2321,2362,2363,2322
2266,4,2322,2363,2364,2323
2267,4,2323,2364,2365,2324
2268,4,2324,2365,2366,2325
2269,4,2325,2366,2367,2326
2270,4,2326,2367,2368,2327
2271,4,2327,2368,2369,2328
2272,4,2328,2369,2370,2329
2273,4,2329,2370,2371,2330
2274,4,2330,2371,2372,2331
2275,4,2331,2372,2373,2332
2276,4,2332,2373,2374,2333
2277,4,2333,2374,2375,2334
2278,4,2334,2375,2376,2335
2279,4,2335,2376,2377,2336
2280,4,2337,2378,2379,2338
2281,4,2338,2379,2380,2339
2282,4,2339,2380,2381,2340
2283,4,2340,2381,2382,2341
2284,4,2341,2382,2383,2342
2285,4,2342,2383,2384,2343
2286,4,2343,2384,2385,2344
2287,4,2344,2385,2386,2345
2288,4,2345,2386,2387,2346
2289,4,2346,2387,2388,2347
2290,4,2347,2388,2389,2348
2291,4,2348,2389,2390,2349
2292,4,2349,2390,2391,2350
2293,4,2350,2391,2392,2351
2294,4,2351,2392,2393,2352
2295,4,2352,2393,2394,2353
2296,4,2353,2394,2395,2354
2297,4,2354,2395,2396,2355
2298,4,2355,2396,2397,2356
2299,4,2356,2397,2398,2357
2300,4,2357,2398,2399,2358
2301,4,2358,2399,2400,2359
2302,4,2359,2400,2401,2360
2303,4,2360,2401,2402,2361
2304,4,2361,2402,2403,2362
2305,4,2362,2403,2404,2363
2306,4,2363,2404,2405,2364
2307,4,2364,2405,2406,2365
2308,4,2365,2406,2407,2366
2309,4,2366,2407,2408,2367
2310,4,2367,2408,2409,2368
2311,4,2368,2409,2410,2369
2312,4,2369,2410,2411,2370
2313,4,2370,2411,2412,2371
2314,4,2371,2412,2413,2372
2315,4,2372,2413,2414,2373
2316,4,2373,2414,2415,2374
2317,4,2374,2415,2416,2375
2318,4,2375,2416,2417,2376
2319,4,2376,2417,2418,2377
2320,4,2378,2419,2420,2379
2321,4,2379,2420,2421,2380
2322,4,2380,2421,2422,2381
2323,4,2381,2422,2423,2382
2324,4,2382,2423,2424,2383
2325,4,2383,2424,2425,2384
2326,4,2384,2425,2426,2385
2327,4,2385,2426,2427,2386
2328,4,2386,2427,2428,2387
2329,4,2387,2428,2429,2388
2330,4,2388,2429,2430,2389
2331,4,2389,2430,2431,2390
2332,4,2390,2431,2432,2391
2333,4,2391,2432,2433,2392
2334,4,2392,2433,2434,2393
2335,4,2393,2434,2435,2394
2336,4,2394,2435,2436,2395
2337,4,2395,2436,2437,2396
2338,4,2396,2437,2438,2397
2339,4,2397,2438,2439,2398
2340,4,2398,2439,2440,2399
2341,4,2399,2440,2441,2400
2342,4,2400,2441,2442,2401
2343,4,2401,2442,2443,2402
2344,4,2402,2443,2444,2403
2345,4,2403,2444,2445,2404
2346,4,2404,2445,2446,2405
2347,4,2405,2446,2447,2406
2348,4,2406,2447,2448,2407
2349,4,2407,2448,2449,2408
2350,4,2408,2449,2450,2409
2351,4,2409,2450,2451,2410
2352,4,2410,2451,2452,2411
2353,4,2411,2452,2453,2412
2354,4,2412,2453,2454,2413
2355,4,2413,2454,2455,2414
2356,4,2414,2455,2456,2415
2357,4,2415,2456,2457,2416
2358,4,2416,2457,2458,2417
2359,4,2417,2458,2459,2418
2360,4,2419,2460,2461,2420
2361,4,2420,2461,2462,2421
2362,4,2421,2462,2463,2422
2363,4,2422,2463,2464,2423
2364,4,2423,2464,2465,2424
2365,4,2424,2465,2466,2425
2366,4,2425,2466,2467,2426
2367,4,2426,2467,2468,2427
2368,4,2427,2468,2469,2428
2369,4,2428,2469,2470,2429
2370,4,2429,2470,2471,2430
2371,4,2430,2471,2472,2431
2372,4,2431,2472,2473,2432
2373,4,2432,2473,2474,2433
2374,4,2433,2474,2475,2434
2375,4,2434,2475,2476,2435
2376,4,2435,2476,2477,2436
2377,4,2436,2477,2478,2437
2378,4,2437,2478,2479,2438
2379,4,2438,2479,2480,2439
2380,4,2439,2480,2481,2440
2381,4,2440,2481,2482,2441
2382,4,2441,2482,2483,2442
2383,4,2442,2483,2484,2443
2384,4,2443,2484,2485,2444
2385,4,2444,2485,2486,2445
2386,4,2445,2486,2487,2446
2387,4,2446,2487,2488,2447
2388,4,2447,2488,2489,2448
2389,4,2448,2489,2490,2449
2390,4,2449,2490,2491,2450
2391,4,2450,2491,2492,2451
2392,4,2451,2492,2493,2452
2393,4,2452,2493,2494,2453
2394,4,2453,2494,2495,2454
2395,4,2454,2495,2496,2455
2396,4,2455,2496,2497,2456
2397,4,2456,2497,2498,2457
2398,4,2457,2498,2499,2458
2399,4,2458,2499,2500,2459